{"Bot0Strategy": [14.36495336263198, 1.3886641667650153], "Bot1Strategy": [24.911995291320572, 1.0376723096593305], "Bot2Strategy": [22.46681381962831, 1.024041658636934], "Bot3Strategy": [26.46012759670443, 1.0294516619054397], "Bot4Strategy": [30.025597945865446, 1.0751933888394873], "1\\madcars_ff_1_1007696 (1).pth": [16.506973333658543, 5.816745501977108], "1\\madcars_ff_2_1007696.pth": [24.26690169800533, 2.660075416921233], "1\\madcars_ff_3_1007696.pth": [24.48951651031757, 3.895340130214886], "1\\madcars_ff_4_1007696.pth": [24.97257994313575, 4.078753348491316], "1\\madcars_ff_5_1007696.pth": [22.264788865404203, 3.6689925523361446], "1\\madcars_ff_7_1007696.pth": [15.541128775875746, 5.184649121483737], "2\\madcars_ff_0_1003584.pth": [23.519334107239775, 2.9342763212729457], "2\\madcars_ff_0_2011168.pth": [29.093436280832854, 3.1061626839916388], "2\\madcars_ff_0_2814048.pth": [20.401979723619416, 3.8485613091869615], "2\\madcars_ff_1_1003584.pth": [27.965157198958664, 3.2914663275081195], "2\\madcars_ff_1_2011168.pth": [32.15752157243063, 3.3779807489741773], "2\\madcars_ff_1_2613328.pth": [33.88208996860623, 3.8432022684015976], "2\\madcars_ff_2_1003584.pth": [30.385915740381307, 2.9810384100359246], "2\\madcars_ff_2_1405024.pth": [21.57974751194785, 3.389607214629922], "2\\madcars_ff_3_1003584.pth": [21.021099514933347, 3.2226444012760136], "2\\madcars_ff_3_1609728.pth": [29.170444496739233, 3.2906321405973658], "2\\madcars_ff_3_2412608.pth": [14.945962173363212, 4.963180825435845], "2\\madcars_ff_4_1003584.pth": [26.571875926230206, 3.3591203582396227], "2\\madcars_ff_4_1810448.pth": [27.830482656210076, 3.8164748612975528], "2\\madcars_ff_4_2412608.pth": [24.99767745493524, 3.099316707358328], "2\\madcars_ff_5_1003584.pth": [27.826637510586114, 3.2637938084449005], "2\\madcars_ff_5_2011168.pth": [29.64871993781672, 4.636496788603475], "2\\madcars_ff_5_2412608.pth": [22.668379446802838, 3.277575581269115], "2\\madcars_ff_6_1003584.pth": [25.04804683364322, 3.0156499545135436], "2\\madcars_ff_6_1810448.pth": [36.053507208920934, 4.455180679276908], "2\\madcars_ff_6_2211888.pth": [27.021950772253625, 3.823415973121746], "2\\madcars_ff_7_1003584.pth": [26.2497433653239, 2.694486522328417], "2\\madcars_ff_7_1609728.pth": [27.66450188732139, 3.0408193250345246], "2\\madcars_ff_7_2211888.pth": [23.30171435258346, 2.8799464079984953], "3\\madcars_ff_v2_1_1003584.pth": [25.718721338646684, 3.004598696516829], "3\\madcars_ff_v2_1_1204304.pth": [24.677063661089516, 3.52086300065574], "3\\madcars_ff_v2_2_1003584.pth": [31.436493730626758, 2.843146754136255], "3\\madcars_ff_v2_3_1003584.pth": [28.738884776068467, 2.6973242026450595], "3\\madcars_ff_v2_5_1003584.pth": [27.000674022928923, 4.362071062276548], "3\\madcars_ff_v2_5_1204304.pth": [29.02103346206695, 3.0487385338306816], "3\\madcars_ff_v2_7_1003584.pth": [30.654472948712524, 3.265491777973329], "3\\madcars_ff_v2_7_602144.pth": [23.806896014433633, 3.7271140912703853], "old\\madcars_ff_0_1003312.pth": [16.33430233356867, 4.014414774744597], "old\\madcars_ff_0_1504976.pth": [19.140297478019473, 4.7365149493151355], "old\\madcars_ff_1_5042272.pth": [25.723421924193442, 3.8607461358684136], "old\\madcars_ff_3_503840.pth": [33.12205070301697, 3.6387207501653185], "old\\madcars_ff_3_5042272.pth": [29.749126989463395, 3.5064979394938502], "old\\madcars_ff_4_503840.pth": [28.580669652040292, 3.144785557066411], "old\\madcars_ff_4_5042272.pth": [28.988283129084856, 2.964162586738771], "old\\madcars_ff_5_503840 (1).pth": [31.63160992396996, 3.664935899685871], "old\\madcars_ff_5_503840.pth": [13.853080330833308, 4.390009701506696], "old\\madcars_ff_5_5042272.pth": [27.10723770807791, 2.763913484049102], "old\\madcars_ff_6_1007696.pth": [26.450807516038374, 2.70816762158244], "old\\madcars_ff_7_503840.pth": [27.465347927666595, 3.2982118718185673]}