{"Bot0Strategy": [20.00888382002981, 0.9018027177404658], "Bot1Strategy": [23.70116771242827, 0.8838896409864868], "Bot2Strategy": [25.083215605997204, 0.8240700653015153], "Bot3Strategy": [25.94652451094167, 0.8111745650154182], "Bot4Strategy": [26.95234927846041, 0.8179528775040277], "1\\madcars_ff_1_1007696 (1).pth": [23.216368604769233, 0.8574510527088662], "1\\madcars_ff_2_1007696.pth": [23.49181953740484, 0.8213898415706283], "1\\madcars_ff_3_1007696.pth": [22.021807239732574, 0.8448113020460307], "1\\madcars_ff_4_1007696.pth": [23.88696018398017, 0.815735499141484], "1\\madcars_ff_5_1007696.pth": [23.586868502138866, 0.8247221947523005], "1\\madcars_ff_7_1007696.pth": [23.408862504446862, 0.8229218520923529], "2\\madcars_ff_0_1003584.pth": [25.730000259960622, 0.8144544203426903], "2\\madcars_ff_0_2011168.pth": [28.15099893652087, 0.8241565559537096], "2\\madcars_ff_1_1003584.pth": [26.80242584192117, 0.886680606475577], "2\\madcars_ff_1_2011168.pth": [26.357137499992245, 0.8315192545647119], "2\\madcars_ff_2_1003584.pth": [25.501913761577597, 0.830322757758336], "2\\madcars_ff_2_1405024.pth": [25.6576452393655, 0.8323579520675956], "2\\madcars_ff_3_1003584.pth": [25.068046024351062, 0.812416206417751], "2\\madcars_ff_3_1609728.pth": [25.000468268193938, 0.8106890880159826], "2\\madcars_ff_4_1003584.pth": [26.343141042752617, 0.8333784233011695], "2\\madcars_ff_4_1810448.pth": [26.27914708523543, 0.8595403700365778], "2\\madcars_ff_5_1003584.pth": [24.673497023119587, 0.8135029990943268], "2\\madcars_ff_5_2011168.pth": [25.85399322528456, 0.8655570805081011], "2\\madcars_ff_6_1003584.pth": [25.69631867209194, 0.8346153606795913], "2\\madcars_ff_6_1810448.pth": [27.554424261965583, 0.8630034658342772], "2\\madcars_ff_7_1003584.pth": [26.37068506126461, 0.8494918208137762], "2\\madcars_ff_7_1609728.pth": [26.770758718691994, 0.8248884966712456], "old\\madcars_ff_0_1003312.pth": [21.32284161943517, 0.8686524694632686], "old\\madcars_ff_0_1504976.pth": [22.698870358265648, 0.8356836960052806], "old\\madcars_ff_1_5042272.pth": [27.385867386110704, 0.830164519861072], "old\\madcars_ff_3_503840.pth": [26.416860399906813, 0.8182338543800866], "old\\madcars_ff_3_5042272.pth": [26.835765227557037, 0.833289346641398], "old\\madcars_ff_4_503840.pth": [26.708875169422367, 0.819411571766932], "old\\madcars_ff_4_5042272.pth": [28.00366342272474, 0.8276237034255804], "old\\madcars_ff_5_503840 (1).pth": [25.024276721766274, 0.8287663410200047], "old\\madcars_ff_5_503840.pth": [26.08888022310125, 0.8340600062561736], "old\\madcars_ff_5_5042272.pth": [27.657124959049295, 0.8352298192510562], "old\\madcars_ff_6_1007696.pth": [26.53118295346219, 0.8256739770212592], "old\\madcars_ff_7_503840.pth": [25.219224423981284, 0.8117987088932194]}